name,sum,
Animation,1166,0.197059321
Children,945,0.159709312
Classics,939,0.158695285
Comedy,941,0.159033294
Family,1096,0.185229001
Music,830,0.140273787
,,
,5917,